{
  "coverImageFilename": "WiiModPack.png",
  "icon": "WiiModPack.png",
  "components": [
    {
      "Type": "AssetsMod",
      "InstallAction": {
        "PreloadFiles": [
		  "sharedassets18.assets",
		  "sharedassets23.assets",
		  "sharedassets2.assets",
		  "sharedassets1.assets"
        ],
        "Actions": [
          {
            "Type": "ReplaceAsset",
            "FromDataFile": "LogoBat.dat",
            "Locator": {
              "TypeIs": "Texture2D",
              "NameIs": "LogoBat"
            },
            "AllowOverwriteName": false,
            "StepNumber": 1
          },
          {
            "Type": "ReplaceAsset",
            "FromDataFile": "LogoE.dat",
            "Locator": {
              "TypeIs": "Texture2D",
              "NameIs": "LogoE"
            },
            "AllowOverwriteName": false,
            "StepNumber": 2
          },
          {
            "Type": "ReplaceAsset",
            "FromDataFile": "LogoSaber.dat",
            "Locator": {
              "TypeIs": "Texture2D",
              "NameIs": "LogoSaber"
            },
            "AllowOverwriteName": false,
            "StepNumber": 3
          },
		  {
            "Type": "ReplaceAsset",
            "FromDataFile": "SaberBlade.dat",
            "Locator": {
              "TypeIs": "Mesh",
              "NameIs": "SaberBlade"
            },
            "AllowOverwriteName": false,
            "StepNumber": 4
          },
          {
            "Type": "ReplaceAsset",
            "FromDataFile": "SaberGlowingEdges.dat",
            "Locator": {
              "TypeIs": "Mesh",
              "NameIs": "SaberGlowingEdges"
            },
            "AllowOverwriteName": false,
            "StepNumber": 5
          },
          {
            "Type": "ReplaceAsset",
            "FromDataFile": "SaberHandle.dat",
            "Locator": {
              "TypeIs": "Mesh",
              "NameIs": "SaberHandle"
            },
            "AllowOverwriteName": false,
            "StepNumber": 6
          },
		  {
            "Type": "ReplaceAsset",
            "FromDataFile": "Normal.dat",
            "Locator": {
              "TypeIs": "Mesh",
              "NameIs": "Normal"
            },
            "AllowOverwriteName": false,
            "StepNumber": 7
          },
          {
            "Type": "ReplaceAsset",
            "FromDataFile": "Glowing.dat",
            "Locator": {
              "TypeIs": "Mesh",
              "NameIs": "Glowing"
            },
            "AllowOverwriteName": false,
            "StepNumber": 8
          },
          {
            "Type": "ReplaceAsset",
            "FromDataFile": "MenuMusic.dat",
            "Locator": {
              "TypeIs": "AudioClip",
              "NameIs": "Menu"
            },
            "AllowOverwriteName": false,
            "StepNumber": 9
          },
          {
            "Type": "ReplaceAsset",
            "FromDataFile": "MenuClick.dat",
            "Locator": {
              "TypeIs": "AudioClip",
              "NameIs": "MenuClick0"
            },
            "AllowOverwriteName": false,
            "StepNumber": 10
		  }
        ]
      },
      "UninstallAction": {
        "PreloadFiles": [
		  "sharedassets18.assets",
		  "sharedassets23.assets",
		  "sharedassets2.assets",
		  "sharedassets1.assets"
        ],
        "Actions": [
          {
            "Type": "RestoreAsset",
            "Locator": {
              "TypeIs": "Texture2D",
              "NameIs": "LogoBat"
            },
            "StepNumber": 1
          },
          {
            "Type": "RestoreAsset",
            "Locator": {
              "TypeIs": "Texture2D",
              "NameIs": "LogoE"
            },
            "StepNumber": 2
          },
          {
            "Type": "RestoreAsset",
            "Locator": {
              "TypeIs": "Texture2D",
              "NameIs": "LogoSaber"
            },
            "StepNumber": 3
          },
		  {
            "Type": "RestoreAsset",
            "Locator": {
              "TypeIs": "Mesh",
              "NameIs": "SaberBlade"
            },
            "StepNumber": 4
          },
          {
            "Type": "RestoreAsset",
            "Locator": {
              "TypeIs": "Mesh",
              "NameIs": "SaberGlowingEdges"
            },
            "StepNumber": 5
          },
          {
            "Type": "RestoreAsset",
            "Locator": {
              "TypeIs": "Mesh",
              "NameIs": "SaberHandle"
            },
            "StepNumber": 6
          },
		  {
            "Type": "RestoreAsset",
            "Locator": {
              "TypeIs": "Mesh",
              "NameIs": "Normal"
            },
            "StepNumber": 7
          },
          {
            "Type": "RestoreAsset",
            "Locator": {
              "TypeIs": "Mesh",
              "NameIs": "Glowing"
            },
            "StepNumber": 8
          },
          {
            "Type": "RestoreAsset",
            "Locator": {
              "TypeIs": "AudioClip",
              "NameIs": "Menu"
            },
            "StepNumber": 9
          },
          {
            "Type": "RestoreAsset",
            "Locator": {
              "TypeIs": "AudioClip",
              "NameIs": "MenuClick0"
            },
            "StepNumber": 10
          }
        ]
      }
    }
  ],
  "version": "0.0.1",
  "links": {},
  "description": [
    "The Official Wii Modpack!"
  ],
  "gameVersion": "1.7.0",
  "platform": "Quest",
  "id": "WiiModPackk",
  "name": "Wii Modpack",
  "author": "KingGG#3662 and Brinch#1410",
  "category": "Saber"
}