{
  "coverImageFilename": "NoFakeGlow.jpg",
  "icon": "NoFakeGlow.jpg",
  "components": [
    {
      "Type": "AssetsMod",
      "InstallAction": {
        "PreloadFiles": [
		  "sharedassets1.assets"
        ],
        "Actions": [
          {
            "Type": "ReplaceAsset",
            "FromDataFile": "LaserSprite.dat",
            "Locator": {
              "TypeIs": "Texture2D",
              "NameIs": "LaserGlowSprite1"
            },
            "AllowOverwriteName": false,
            "StepNumber": 1
          }
        ]
      },
      "UninstallAction": {
        "PreloadFiles": [
		  "sharedassets1.assets"
        ],
        "Actions": [
          {
            "Type": "RestoreAsset",
            "Locator": {
              "TypeIs": "Texture2D",
              "NameIs": "LaserGlowSprite1"
            },
            "StepNumber": 1
          }
        ]
      }
    }
  ],
  "version": "0.0.1",
  "links": {},
  "description": [
    "Disables the sabers glow."
  ],
  "gameVersion": "1.7.0",
  "platform": "Quest",
  "id": "NoFakeGlow",
  "name": "NoFakeGlow",
  "author": "Brinch",
  "category": "Other"
}