{
  "coverImageFilename": "Cover.png",
  "icon": "Cover.png",
  "components": [
    {
      "Type": "AssetsMod",
      "InstallAction": {
        "PreloadFiles": [
		  "sharedassets18.assets",
		  "sharedassets23.assets",
		  "sharedassets2.assets",
		  "sharedassets1.assets"
        ],
        "Actions": [
          {
            "Type": "ReplaceAsset",
            "FromDataFile": "MenuMusic.dat",
            "Locator": {
              "TypeIs": "AudioClip",
              "NameIs": "Menu"
            },
            "AllowOverwriteName": false,
            "StepNumber": 1
          },
          {
            "Type": "ReplaceAsset",
            "FromDataFile": "MenuClick.dat",
            "Locator": {
              "TypeIs": "AudioClip",
              "NameIs": "MenuClick0"
            },
            "AllowOverwriteName": false,
            "StepNumber": 2
		  }
        ]
      },
      "UninstallAction": {
        "PreloadFiles": [
		  "sharedassets18.assets",
		  "sharedassets23.assets",
		  "sharedassets2.assets",
		  "sharedassets1.assets"
        ],
        "Actions": [
          {
            "Type": "RestoreAsset",
            "Locator": {
              "TypeIs": "AudioClip",
              "NameIs": "Menu"
            },
            "StepNumber": 1
          },
          {
            "Type": "RestoreAsset",
            "Locator": {
              "TypeIs": "AudioClip",
              "NameIs": "MenuClick0"
            },
            "StepNumber": 2
          }
        ]
      }
    }
  ],
  "version": "0.0.1",
  "links": {},
  "description": [
    "The Official Wii Modpack!"
  ],
  "gameVersion": "1.7.0",
  "platform": "Quest",
  "id": "WiiModPackk",
  "name": "Wii Modpack (with only the sounds)",
  "author": "KingGG#3662 and -Mathias-#1410",
  "category": "Other"
}